[
  {
    "id":"1",
    "name":"Holiday Macarons",
    "images":"https://i.pinimg.com/564x/e7/0e/8b/e70e8be24936c301e05d72393cd552fd.jpg"
  },
  {
    "id":"2",
    "name":"French Macarons - The Preppy Hostess",
    "images":"https://i.pinimg.com/564x/82/18/a4/8218a40cf4b9a575878a4c864dbbcc68.jpg"
  },
  {
    "id":"3",
    "name":"Rainbow Macarons",
    "images":"https://i.pinimg.com/564x/1d/86/10/1d86101694927614d82aa55487f7fc0e.jpg"
  },
  {
    "id":"4",
    "name":"Colorful Macarons",
    "images":"https://i.pinimg.com/564x/44/22/b8/4422b891142d465ef29f795315bb4408.jpg"
  },
  {
    "id":"5",
    "name":"Geirgua's Macarons",
    "images":"https://i.pinimg.com/564x/cb/7e/0e/cb7e0e28f1a9c4a3a6d4dfaa18cd7d1e.jpg"
  },
  {
    "id":"6",
    "name":"Cookie Macarons",
    "images":"https://i.pinimg.com/564x/b4/ba/ef/b4baefa4f28c6f8b60ac234c0b97c18a.jpg"
  },
  {
    "id":"7",
    "name":"Strawberry Macarons",
    "images":"https://i.pinimg.com/564x/3c/39/dd/3c39dde8378136752b8f34767dd23fce.jpg"
  },
  {
    "id":"8",
    "name":"Ana Macarons",
    "images":"https://i.pinimg.com/564x/fa/44/2a/fa442a0bfa365599ae679751423e8e21.jpg"
  },
  {
    "id":"9",
    "name":"Mint Macarons",
    "images":"https://i.pinimg.com/564x/97/3b/79/973b79e117fff3be2bf8153690591708.jpg"
  },
  {
    "id":"10",
    "name":"Rainbow Macarons Box",
    "images":"https://i.pinimg.com/564x/3e/73/70/3e737032a79e8f5a8440081ace2215c1.jpg"
  }
]